prompt,output,flag,username,timestamp
Generate a Python function to calculate the factorial of a number.,,,,2024-02-03 10:15:34.280756
Generate a Python function to calculate the factorial of a number.,,,,2024-02-03 10:20:08.696922
Generate a Python function to calculate the factorial of a number.,,,,2024-02-03 10:20:10.302912
Generate a Python function to calculate the factorial of a number.,,,,2024-02-03 10:38:30.960248
Generate a Python function to calculate the factorial of a number.,,,,2024-02-03 10:38:35.054121
Generate a Python function to calculate the factorial of a number.,,,,2024-02-03 11:00:16.250387
give me even odd program,"ironmental engineering Environmental engineering is the design, construction, operation, and maintenance of systems that use natural resources, such as water and air, to benefit society. It involves the study of the interactions between humans and the environment, and the development of solutions to environmental problems. Environmental engineers work to protect human health and the environment by designing and implementing systems that minimize pollution, conserve natural resources, and promote sustainable development.

Some of the specific tasks that environmental engineers perform include:

* Designing wastewater treatment plants
* Developing stormwater management systems
* Evaluating air pollution control technologies
* Conducting environmental impact assessments
* Developing sustainable land use plans
* Educating the public about environmental issues

Environmental engineers work in a variety of settings, including private consulting firms, government agencies, and manufacturing companies. They typically have a bachelor's degree in environmental engineering or a related field. Some employers may also require professional certification.

Environmental engineering is a growing field, as the demand for solutions",,,2024-02-03 15:49:54.701401
